Workbook

Sheet Location
A1: No | B1: Barcode No. | C1: Item Name | D1: Rack Location | E1: Category-1 | F1: Category-2 | G1: QTY | H1: Date
A2: 1 | B2: 4905687380154 | C2: =VLOOKUP(B:B,DATA!A:B,2,0) -> ແປງທຳຄວາມສະອາດ 2 ຫົວ /0154 | D2: H01-L4-1 | E2: =VLOOKUP(B:B,DATA!A:C,3,0) -> CLEANING/BATH | F2: =VLOOKUP(B:B,DATA!A:D,4,0) -> bathroom supplies | G2: 3 | H2: 46044
A3: 2 | B3: 1234560026401 | C3: =VLOOKUP(B:B,DATA!A:B,2,0) -> ມີດຕັດເລັບສັດລ້ຽງ GP-2640 | D3: H01-L5-1 | E3: =VLOOKUP(B:B,DATA!A:C,3,0) -> SPORTS/LEISURE | F3: =VLOOKUP(B:B,DATA!A:D,4,0) -> PET | G3: 0
A4: 3 | B4: 1234560026333 | C4: =VLOOKUP(B:B,DATA!A:B,2,0) -> ເຊືອກຈູງຄໍສັດລ້ຽງ GP-2633 | D4: H01-L4-3 | E4: =VLOOKUP(B:B,DATA!A:C,3,0) -> SPORTS/LEISURE | F4: =VLOOKUP(B:B,DATA!A:D,4,0) -> PET | G4: 3
A5: 4 | B5: 6972854797297 | C5: =VLOOKUP(B:B,DATA!A:B,2,0) -> ກ່ອງໃສ່ເຄື່ອງອະເນກປະສົງ/DL3364 /7297 | D5: S10-L2-4 | E5: =VLOOKUP(B:B,DATA!A:C,3,0) -> stationery | F5: =VLOOKUP(B:B,DATA!A:D,4,0) -> desk storage | G5: 0
A6: 5 | B6: 6972854797303 | C6: =VLOOKUP(B:B,DATA!A:B,2,0) -> ກ່ອງໃສ່ເຄື່ອງອະເນກປະສົງ/DL3365 /7303 | D6: S10-L1-3 | E6: =VLOOKUP(B:B,DATA!A:C,3,0) -> stationery | F6: =VLOOKUP(B:B,DATA!A:D,4,0) -> desk storage | G6: 0
A7: 6 | B7: 6972854794616 | C7: =VLOOKUP(B:B,DATA!A:B,2,0) -> ກ່ອງໃສ່ເຄື່ອງອະເນກປະສົງ/DL3360 /4616 | D7: S10-L1-3 | E7: =VLOOKUP(B:B,DATA!A:C,3,0) -> stationery | F7: =VLOOKUP(B:B,DATA!A:D,4,0) -> desk storage | G7: 15
A8: 7 | B8: 6947860590019 | C8: =VLOOKUP(B:B,DATA!A:B,2,0) -> ກ່ອງເກັບເງິນ 6 inch/DL9001/0019 | D8: S01-L1-1 | E8: =VLOOKUP(B:B,DATA!A:C,3,0) -> stationery | F8: =VLOOKUP(B:B,DATA!A:D,4,0) -> desk storage | G8: 0
A9: 8 | B9: 6972854797181 | C9: =VLOOKUP(B:B,DATA!A:B,2,0) -> ກ່ອງໃສ່ບິກສໍ/DL3359 /7181 | D9: S01-L2-2 | E9: =VLOOKUP(B:B,DATA!A:C,3,0) -> stationery | F9: =VLOOKUP(B:B,DATA!A:D,4,0) -> desk storage | G9: 3
A10: 9 | B10: 6972081861839 | C10: =VLOOKUP(B:B,DATA!A:B,2,0) -> ແນວໃສ່ບິກສໍ/DL802F/1839 | D10: S01-L2-2 | E10: =VLOOKUP(B:B,DATA!A:C,3,0) -> stationery | F10: =VLOOKUP(B:B,DATA!A:D,4,0) -> desk storage | G10: 16
A11: 10 | B11: 1234560056095 | C11: =VLOOKUP(B:B,DATA!A:B,2,0) -> #N/A | D11: S01-L2-2 | E11: =VLOOKUP(B:B,DATA!A:C,3,0) -> #N/A | F11: =VLOOKUP(C:C,DATA!B:D,3,0) -> #N/A | G11: 0
A12: 11 | B12: 1234560056101 | C12: =VLOOKUP(B:B,DATA!A:B,2,0) -> ກັບໃສ່ບິກ GP-5610/6101 | D12: S01-L2-2 | E12: =VLOOKUP(B:B,DATA!A:C,3,0) -> 0 | F12: =VLOOKUP(B:B,DATA!A:D,4,0) -> 0 | G12: 3
A13: 12 | B13: 6972081861785 | C13: =VLOOKUP(B:B,DATA!A:B,2,0) -> ແນວໃສ່ບິກສໍ/DL804/1785 | D13: S01-L1-1 | E13: =VLOOKUP(B:B,DATA!A:C,3,0) -> stationery | F13: =VLOOKUP(B:B,DATA!A:D,4,0) -> desk storage | G13: 0
A14: 13 | B14: 6972543655006 | C14: =VLOOKUP(B:B,DATA!A:B,2,0) -> ຄີບອດດີຈິຕອນ AS212_GP-2479 | D14: S10-L2-3 | E14: =VLOOKUP(B:B,DATA!A:C,3,0) -> TOOL/DIGITAL | F14: =VLOOKUP(B:B,DATA!A:D,4,0) -> computer | G14: 15 | H14: 46044
A15: 14 | B15: 6972081861808 | C15: =VLOOKUP(B:B,DATA!A:B,2,0) -> ແນວໃສ່ບິກສໍ/DL3340/1808 | D15: S01-L1-1 | E15: =VLOOKUP(B:B,DATA!A:C,3,0) -> stationery | F15: =VLOOKUP(B:B,DATA!A:D,4,0) -> desk storage | G15: 0
A16: 15 | B16: 1234560008438 | C16: =VLOOKUP(B:B,DATA!A:B,2,0) -> ແນວໃສ່ບິກສໍ 4ຫ້ອງ /8438 | D16: S01-L1-3 | E16: =VLOOKUP(B:B,DATA!A:C,3,0) -> stationery | F16: =VLOOKUP(B:B,DATA!A:D,4,0) -> desk storage | G16: 17
A17: 16 | B17: 1234560056231 | C17: =VLOOKUP(B:B,DATA!A:B,2,0) -> #N/A | D17: S02-L5-4 | E17: =VLOOKUP(B:B,DATA!A:C,3,0) -> #N/A | F17: =VLOOKUP(B:B,DATA!A:D,4,0) -> #N/A | G17: 6
A18: 17 | B18: 6943538469441 | C18: =VLOOKUP(B:B,DATA!A:B,2,0) -> ກ່ອງໃສ່ບິກສໍ/FQ848/9441 | D18: S01-L2-1 | E18: =VLOOKUP(B:B,DATA!A:C,3,0) -> stationery | F18: =VLOOKUP(B:B,DATA!A:D,4,0) -> desk storage | G18: 14
A19: 18 | B19: 6949066031372 | C19: =VLOOKUP(B:B,DATA!A:B,2,0) -> ກ່ອງປາກກາ/6.5*6.5*10/3137/1372 | D19: S10-L2-3 | E19: =VLOOKUP(B:B,DATA!A:C,3,0) -> BEAUTY | F19: =VLOOKUP(B:B,DATA!A:D,4,0) -> Make up | G19: 10
A20: 19 | B20: 6925188321102 | C20: =VLOOKUP(B:B,DATA!A:B,2,0) -> ກ່ອງໃສ່ບິກສໍ/HS0783 /1102 | D20: S01-L2-3 | E20: =VLOOKUP(B:B,DATA!A:C,3,0) -> stationery | F20: =VLOOKUP(B:B,DATA!A:D,4,0) -> desk storage | G20: 70
A21: 20 | B21: 6972081860863 | C21: =VLOOKUP(B:B,DATA!A:B,2,0) -> ເຄື່ອງເຮັດໃຫ້ມືຊຸ່ມ/DL0530/0863 | D21: S07-l3-1 | E21: =VLOOKUP(B:B,DATA!A:C,3,0) -> stationery | F21: =VLOOKUP(B:B,DATA!A:D,4,0) -> office supplies | G21: 9
A22: 21 | B22: 6986202300251 | C22: =VLOOKUP(B:B,DATA!A:B,2,0) -> ກ່ອງໃສ່ບິກສໍ/HS750 /0251 | D22: S01-L2-4 | E22: =VLOOKUP(B:B,DATA!A:C,3,0) -> stationery | F22: =VLOOKUP(B:B,DATA!A:D,4,0) -> desk storage | G22: 40
A23: 22 | B23: 6972854791516 | C23: =VLOOKUP(B:B,DATA!A:B,2,0) -> ກ່ອງໃສ່ບິກສໍອະເນກປະສົງ/DL3363 /1516 | D23: S01-L3-4 | E23: =VLOOKUP(B:B,DATA!A:C,3,0) -> stationery | F23: =VLOOKUP(B:B,DATA!A:D,4,0) -> desk storage | G23: 36
A24: 23 | B24: 4965534449717 | C24: =VLOOKUP(B:B,DATA!A:B,2,0) -> ກ່ອງໃສ່ອູປະກອບເຄື່ອງໃຊ້ຫ້ອງການ /9717 | D24: S01-L3-1 | E24: =VLOOKUP(B:B,DATA!A:C,3,0) -> TOOL/DIGITAL | F24: =VLOOKUP(B:B,DATA!A:D,4,0) -> hard tools | G24: 14
A25: 24 | B25: 1234560008186 | C25: =VLOOKUP(B:B,DATA!A:B,2,0) -> ແນວວາງນາມບັດ 8CM/H908B/8186 | D25: S01-L3-1 | E25: =VLOOKUP(B:B,DATA!A:C,3,0) -> stationery | F25: =VLOOKUP(B:B,DATA!A:D,4,0) -> desk storage | G25: 3
A26: 25 | B26: 6972854796337 | C26: =VLOOKUP(B:B,DATA!A:B,2,0) -> ກ່ອງໃສ່ບິກສໍ/DL3356/6337 | D26: S01-L3-3 | E26: =VLOOKUP(B:B,DATA!A:C,3,0) -> stationery | F26: =VLOOKUP(B:B,DATA!A:D,4,0) -> desk storage | G26: 5
... A103: 102 | B103: 4550163007386 | C103: =VLOOKUP(B:B,DATA!A:B,2,0) -> ສະກອດ 4mm ຂຽວ/ເຫຼືອງ /7386 | D103: S02-L2-4 | E103: =VLOOKUP(B:B,DATA!A:C,3,0) -> STATIONERY | F103: =VLOOKUP(B:B,DATA!A:D,4,0) -> sticker | G103: 1
A104: 103 | B104: 4550163007393 | C104: =VLOOKUP(B:B,DATA!A:B,2,0) -> ສະກອດ /7393 | E104: =VLOOKUP(B:B,DATA!A:C,3,0) -> STATIONERY | F104: =VLOOKUP(B:B,DATA!A:D,4,0) -> sticker | G104: 0
A105: 104 | B105: 4580682871076 | C105: =VLOOKUP(B:B,DATA!A:B,2,0) -> ສະກອດເຈ້ຍ /1076 | D105: S02-L2-4 | E105: =VLOOKUP(B:B,DATA!A:C,3,0) -> STATIONERY | F105: =VLOOKUP(B:B,DATA!A:D,4,0) -> sticker | G105: 4
A106: 105 | B106: 4580682871151 | C106: =VLOOKUP(B:B,DATA!A:B,2,0) -> ສະກອດເຈ້ຍ /1151 | D106: S02-L2-4 | E106: =VLOOKUP(B:B,DATA!A:C,3,0) -> STATIONERY | F106: =VLOOKUP(B:B,DATA!A:D,4,0) -> sticker | G106: 12
A107: 106 | B107: 4542804083903 | C107: =VLOOKUP(B:B,DATA!A:B,2,0) -> ສາຍໂບ (ຣິບບິ້ນ ສີຟ້າຈາງ) /3903 | D107: S02-L2-4 | E107: =VLOOKUP(B:B,DATA!A:C,3,0) -> STATIONERY | F107: =VLOOKUP(B:B,DATA!A:D,4,0) -> Packaging supplies | G107: 0
A108: 107 | B108: 4979142119719 | C108: =VLOOKUP(B:B,DATA!A:B,2,0) -> ກໍ້ເຈັ້ຍໂນສ ໄຮໄລ /9719 | D108: S02-L2-4 | E108: =VLOOKUP(B:B,DATA!A:C,3,0) -> STATIONERY | F108: =VLOOKUP(B:B,DATA!A:D,4,0) -> office supplies | G108: 18
A109: 108 | B109: 4560116775392 | C109: =VLOOKUP(B:B,DATA!A:B,2,0) -> ສະກອດ MKT-1 /5392 | D109: S02-L2-4 | E109: =VLOOKUP(B:B,DATA!A:C,3,0) -> STATIONERY | F109: =VLOOKUP(B:B,DATA!A:D,4,0) -> sticker | G109: 1
A110: 109 | B110: 4580682872004 | C110: =VLOOKUP(B:B,DATA!A:B,2,0) -> ສະກອດເຈ້ຍ /2004 | D110: S02-L2-4 | E110: =VLOOKUP(B:B,DATA!A:C,3,0) -> STATIONERY | F110: =VLOOKUP(B:B,DATA!A:D,4,0) -> sticker | G110: 2
A111: 110 | B111: 4542804132724 | C111: =VLOOKUP(B:B,DATA!A:B,2,0) -> ສະກອດພີມລາຍ 20mm*4m /2724 | D111: S02-L2-4 | E111: =VLOOKUP(B:B,DATA!A:C,3,0) -> STATIONERY | F111: =VLOOKUP(B:B,DATA!A:D,4,0) -> sticker | G111: 0
A112: 111 | B112: 4979142708203 | C112: =VLOOKUP(B:B,DATA!A:B,2,0) -> ສາຍໂບ ຣິບບິ້ນ ສີມ້ວງ /8203 | D112: S02-L2-4 | E112: =VLOOKUP(B:B,DATA!A:C,3,0) -> STATIONERY | F112: =VLOOKUP(B:B,DATA!A:D,4,0) -> Packaging supplies | G112: 4
A113: 112 | B113: 4580682871113 | C113: =VLOOKUP(B:B,DATA!A:B,2,0) -> ສະກອດເຈ້ຍ /1113 | D113: S05-L3-3 | E113: =VLOOKUP(B:B,DATA!A:C,3,0) -> STATIONERY | F113: =VLOOKUP(B:B,DATA!A:D,4,0) -> sticker | G113: 1
A114: 113 | B114: 4978929317645 | C114: =VLOOKUP(B:B,DATA!A:B,2,0) -> ສະຕິກເກີ້ /7645 | D114: S05-L3-3 | E114: =VLOOKUP(B:B,DATA!A:C,3,0) -> STATIONERY | F114: =VLOOKUP(B:B,DATA!A:D,4,0) -> art supplies | G114: 3
A115: 114 | B115: 4978929318499 | C115: =VLOOKUP(B:B,DATA!A:B,2,0) -> ສະຕິກເກີ້ /8499 | D115: S02-L2-4 | E115: =VLOOKUP(B:B,DATA!A:C,3,0) -> STATIONERY | F115: =VLOOKUP(B:B,DATA!A:D,4,0) -> art supplies | G115: 0
A116: 115 | B116: 4542804083910 | C116: =VLOOKUP(B:B,DATA!A:B,2,0) -> ສາຍໂບ (ຣິບບິ້ນ ສີທອງ) /3910 | D116: S05-L3-3 | E116: =VLOOKUP(B:B,DATA!A:C,3,0) -> STATIONERY | F116: =VLOOKUP(B:B,DATA!A:D,4,0) -> Packaging supplies | G116: 0
... A235: 234 | B235: 4580104601229 | C235: =VLOOKUP(B:B,DATA!A:B,2,0) -> ແຟມໃສ່ຟ້າຍເອກະສານ (A4) (5ອັນ) /1229 | D235: S08-L4-3 | E235: =VLOOKUP(B:B,DATA!A:C,3,0) -> STATIONERY | F235: =VLOOKUP(B:B,DATA!A:D,4,0) -> office supplies | G235: 0
A236: 235 | B236: 6973288846131 | C236: =VLOOKUP(B:B,DATA!A:B,2,0) -> ເຊັດສໍ GP-3560 /6131 | E236: =VLOOKUP(B:B,DATA!A:C,3,0) -> STATIONERY | F236: =VLOOKUP(B:B,DATA!A:D,4,0) -> school supplies | G236: 0
A237: 236 | B237: 4982790442856 | C237: =VLOOKUP(B:B,DATA!A:B,2,0) -> ຜ້າ ສໍາລັບອ່າງລ້າງຈານ 60*90 /2856 | D237: G08-L4-3 | E237: =VLOOKUP(B:B,DATA!A:C,3,0) -> KITCHEN | F237: =VLOOKUP(B:B,DATA!A:D,4,0) -> kitchen storage | G237: 10
A238: 237 | B238: 4956810802944 | C238: =VLOOKUP(B:B,DATA!A:B,2,0) -> ກະເຊາະພ້ອມຊາມສຳຫຼັບລ້າງພັກ /2944 | D238: F04-L1 | E238: =VLOOKUP(B:B,DATA!A:C,3,0) -> KITCHEN | F238: =VLOOKUP(B:B,DATA!A:D,4,0) -> cookware | G238: 0
A239: 238 | B239: 4956810803910 | C239: =VLOOKUP(B:B,DATA!A:B,2,0) -> ກ່ອງອາຫານ ຝາປົກວາວ 920ml /3910 | D239: H03-L3-3 | E239: =VLOOKUP(B:B,DATA!A:C,3,0) -> KITCHEN | F239: =VLOOKUP(B:B,DATA!A:D,4,0) -> kitchen storage | G239: 9
A240: 239 | B240: 4973430022002 | C240: =VLOOKUP(B:B,DATA!A:B,2,0) -> ຖາດໃສ່ແຟມ /2002 | D240: D01-L2 | E240: =VLOOKUP(B:B,DATA!A:C,3,0) -> KITCHEN | F240: =VLOOKUP(B:B,DATA!A:D,4,0) -> kitchen storage | G240: 2
A241: 240 | B241: 4973430023559 | C241: =VLOOKUP(B:B,DATA!A:B,2,0) -> ຊາມຢາງ /3559 | D241: F04-L3 | E241: =VLOOKUP(B:B,DATA!A:C,3,0) -> CLEANING/BATH | F241: =VLOOKUP(B:B,DATA!A:D,4,0) -> bathroom supplies | G241: 0
A242: 241 | B242: 4550163009557 | C242: =VLOOKUP(B:B,DATA!A:B,2,0) -> ແຟນກະລູໂນໃສ່ຟ້າຍເອກະສານ /9557 | D242: S04-L5-3 | E242: =VLOOKUP(B:B,DATA!A:C,3,0) -> STATIONERY | F242: =VLOOKUP(B:B,DATA!A:D,4,0) -> office supplies | G242: 9
A243: 242 | B243: 4526112417384 | C243: =VLOOKUP(B:B,DATA!A:B,2,0) -> ແຟມກະລູໂນ /7384 | D243: S04-L3-1 | E243: =VLOOKUP(B:B,DATA!A:C,3,0) -> STATIONERY | F243: =VLOOKUP(B:B,DATA!A:D,4,0) -> office supplies | G243: 5
A244: 243 | B244: 4986614260718 | C244: =VLOOKUP(B:B,DATA!A:B,2,0) -> ແຟມໃສ່ຟ້າຍເອກະສານ (A4)(2ອັນດຳຂາວ) /0718 | D244: S04-L3-1 | E244: =VLOOKUP(B:B,DATA!A:C,3,0) -> STATIONERY | F244: =VLOOKUP(B:B,DATA!A:D,4,0) -> office supplies | G244: 1
A245: 244 | B245: 6972854795019 | C245: =VLOOKUP(B:B,DATA!A:B,2,0) -> ກະເປົາແຟ້ມເອກະສານ/DL5288 /5019 | D245: S04-L3-1 | E245: =VLOOKUP(B:B,DATA!A:C,3,0) -> stationery | F245: =VLOOKUP(B:B,DATA!A:D,4,0) -> office supplies | G245: 0
A246: 245 | B246: 4973430022019 | C246: =VLOOKUP(B:B,DATA!A:B,2,0) -> ຖາດໃສ່ແຟມ /2019 | D246: S04-L3-3 | E246: =VLOOKUP(B:B,DATA!A:C,3,0) -> KITCHEN | F246: =VLOOKUP(B:B,DATA!A:D,4,0) -> kitchen storage | G246: 27
A247: 246 | B247: 4973430022033 | C247: =VLOOKUP(B:B,DATA!A:B,2,0) -> ຖາດໃສ່ເອກະສານ /2033 | D247: D01-L2-3 | E247: =VLOOKUP(B:B,DATA!A:C,3,0) -> KITCHEN | F247: =VLOOKUP(B:B,DATA!A:D,4,0) -> kitchen storage | G247: 10
A248: 247 | B248: 6972854795743 | C248: =VLOOKUP(B:B,DATA!A:B,2,0) -> ກະເປົາແຟ້ມເອກະສານ/DL5254/5743 | D248: S04-L3-4 | E248: =VLOOKUP(B:B,DATA!A:C,3,0) -> stationery | F248: =VLOOKUP(B:B,DATA!A:D,4,0) -> office supplies | G248: 4
... A421: 420 | B421: 4542099102174 | C421: =VLOOKUP(B:B,DATA!A:B,2,0) -> ກ່ອງເຄື່ອງປະດັບ /2174 | D421: S09-L2-1 | E421: =VLOOKUP(B:B,DATA!A:C,3,0) -> TOYS | F421: =VLOOKUP(B:B,DATA!A:D,4,0) -> playing toys | G421: 37
A422: 421 | B422: 4905687227831 | C422: =VLOOKUP(B:B,DATA!A:B,2,0) -> ກ່ອງປັ້ມ 360 ml /7831 | E422: =VLOOKUP(B:B,DATA!A:C,3,0) -> CLEANING/BATH | F422: =VLOOKUP(B:B,DATA!A:D,4,0) -> bathroom supplies | G422: 0
A423: 422 | B423: 4542099101870 | C423: =VLOOKUP(B:B,DATA!A:B,2,0) -> ຊຸດເຮັດຜົມ /1870 | D423: S09-L2-2 | E423: =VLOOKUP(B:B,DATA!A:C,3,0) -> TOYS | F423: =VLOOKUP(B:B,DATA!A:D,4,0) -> playing toys | G423: 30
A424: 423 | B424: 4542099102204 | C424: =VLOOKUP(B:B,DATA!A:B,2,0) -> ຂອງຫຼິ້ນເດັກນ້ອຍ 338247/2204 | D424: S09-L5-3 | E424: =VLOOKUP(B:B,DATA!A:C,3,0) -> TOYS | F424: =VLOOKUP(B:B,DATA!A:D,4,0) -> Clay Toy | G424: 10
A425: 424 | B425: 4542099400171 | C425: =VLOOKUP(B:B,DATA!A:B,2,0) -> ຂອງຫຼິ້ນຕຶກປາເດັກນ້ອຍ 363383/0171 | D425: S09-L2-2 | E425: =VLOOKUP(B:B,DATA!A:C,3,0) -> Toys | F425: =VLOOKUP(B:B,DATA!A:D,4,0) -> Activity Toy | G425: 5
A426: 425 | B426: 4542099102242 | C426: =VLOOKUP(B:B,DATA!A:B,2,0) -> ຂອງຫຼິ້ນເດັກນ້ອຍ 338245/2242 | D426: S10-L2-1 | E426: =VLOOKUP(B:B,DATA!A:C,3,0) -> TOYS | F426: =VLOOKUP(B:B,DATA!A:D,4,0) -> Playing Toy | G426: 1
A427: 426 | B427: 6973413591769 | C427: =VLOOKUP(B:B,DATA!A:B,2,0) -> ພີມ້ຽມກ່ອງຂອງຂັວນ GP-3522 /1769 | D427: S09-L2-4 | E427: =VLOOKUP(B:B,DATA!A:C,3,0) -> toys | F427: =VLOOKUP(B:B,DATA!A:D,4,0) -> toy others | G427: 2
A428: 427 | B428: 4968988994635 | C428: =VLOOKUP(B:B,DATA!A:B,2,0) -> ເຄືື່ອງສູບລົມ /4635 | D428: S09-L3-1 | E428: =VLOOKUP(B:B,DATA!A:C,3,0) -> KITCHEN | F428: =VLOOKUP(B:B,DATA!A:D,4,0) -> kitchen outdoor | G428: 11
A429: 428 | B429: 4977498277572 | C429: =VLOOKUP(B:B,DATA!A:B,2,0) -> ເຄື່ອງເປົ່າຝອງນໍ້າ /7572 | D429: S10-L1-2 | E429: =VLOOKUP(B:B,DATA!A:C,3,0) -> TOYS | F429: =VLOOKUP(B:B,DATA!A:D,4,0) -> toy others | G429: 14
A430: 429 | B430: 6916681045282 | C430: =VLOOKUP(B:B,DATA!A:B,2,0) -> ຕູກກະຕາພວງກະແຈ/10CM/128-262/GP-4528/5280 | D430: S10-L1-2 | E430: =VLOOKUP(B:B,DATA!A:C,3,0) -> FASHION | F430: =VLOOKUP(B:B,DATA!A:D,4,0) -> ACC | G430: 2
A431: 430 | B431: 6916681045299 | C431: =VLOOKUP(B:B,DATA!A:B,2,0) -> ຕູກກະຕາພວງກະແຈ/10CM/128-263/GP-4529/5297 | D431: S10-L1-2 | E431: =VLOOKUP(B:B,DATA!A:C,3,0) -> FASHION | F431: =VLOOKUP(B:B,DATA!A:D,4,0) -> ACC | G431: 6
A432: 431 | B432: 6916681045251 | C432: =VLOOKUP(B:B,DATA!A:B,2,0) -> ຕູກກະຕາພວງກະແຈ/14CM/129-080/GP-4525/5259 | D432: S10-L3-1 | E432: =VLOOKUP(B:B,DATA!A:C,3,0) -> FASHION | F432: =VLOOKUP(B:B,DATA!A:D,4,0) -> ACC | G432: 2
A433: 432 | B433: 6916681045206 | C433: =VLOOKUP(B:B,DATA!A:B,2,0) -> ຕູກກະຕາພວງກະແຈ/10CM/129-17/GP-4520/5204 | D433: S10-L1-2 | E433: =VLOOKUP(B:B,DATA!A:C,3,0) -> FASHION | F433: =VLOOKUP(B:B,DATA!A:D,4,0) -> ACC | G433: 0
A434: 433 | B434: 6916681045213 | C434: =VLOOKUP(B:B,DATA!A:B,2,0) -> ຕູກກະຕາພວງກະແຈ/10CM/129-018/GP-4521/5211 | D434: S10-L1-1 | E434: =VLOOKUP(B:B,DATA!A:C,3,0) -> FASHION | F434: =VLOOKUP(B:B,DATA!A:D,4,0) -> ACC | G434: 3
... A777: 776 | B777: 4580682874589 | C777: =VLOOKUP(B:B,DATA!A:B,2,0) -> ເຄືອໃບໄມ້ /4589 | D777: B01-2-1 | E777: =VLOOKUP(B:B,DATA!A:C,3,0) -> INTERIOR | F777: =VLOOKUP(B:B,DATA!A:D,4,0) -> home interior | G777: 7
A778: 777 | B778: 4977794171833 | C778: =VLOOKUP(B:B,DATA!A:B,2,0) -> ອຸປະກອນປະດັບຕົບແຕ່ງ /1833 | E778: =VLOOKUP(B:B,DATA!A:C,3,0) -> TOOL/DIGITAL | F778: =VLOOKUP(B:B,DATA!A:D,4,0) -> gardening tools | G778: 0
A779: 778 | B779: 4977794170430 | C779: =VLOOKUP(B:B,DATA!A:B,2,0) -> ອຸປະກອນປະດັບຕົບແຕ່ງ /0430 | D779: B02-L4-4 | E779: =VLOOKUP(B:B,DATA!A:C,3,0) -> TOOL/DIGITAL | F779: =VLOOKUP(B:B,DATA!A:D,4,0) -> gardening tools | G779: 10
A780: 779 | B780: 4526112548767 | C780: =VLOOKUP(B:B,DATA!A:B,2,0) -> ອຸປະກອນປະດັບຕົບແຕ່ງ /8767 | D780: B02-L4-4 | E780: =VLOOKUP(B:B,DATA!A:C,3,0) -> TOOL/DIGITAL | F780: =VLOOKUP(B:B,DATA!A:D,4,0) -> gardening tools | G780: 19
A781: 780 | B781: 4979142136464 | C781: =VLOOKUP(B:B,DATA!A:B,2,0) -> ໂຄງໃສ່ດອກໄມ໊ໂຕ 'T' /6464 | D781: B02-L4-4 | E781: =VLOOKUP(B:B,DATA!A:C,3,0) -> STORAGE | F781: =VLOOKUP(B:B,DATA!A:D,4,0) -> storage box | G781: 13
A782: 781 | B782: 4979142136495 | C782: =VLOOKUP(B:B,DATA!A:B,2,0) -> ໂຄງໃສ່ດອກໄມ໊ໂຕ 'Y' /6495 | D782: B02-L4-4 | E782: =VLOOKUP(B:B,DATA!A:C,3,0) -> STORAGE | F782: =VLOOKUP(B:B,DATA!A:D,4,0) -> storage box | G782: 1
A783: 782 | B783: 4979142136457 | C783: =VLOOKUP(B:B,DATA!A:B,2,0) -> ໂຄງໃສ່ດອກໄມ໊ໂຕ 'S' /6457 | D783: B02-L4-4 | E783: =VLOOKUP(B:B,DATA!A:C,3,0) -> STORAGE | F783: =VLOOKUP(B:B,DATA!A:D,4,0) -> storage box | G783: 3
A784: 783 | B784: 4979142136501 | C784: =VLOOKUP(B:B,DATA!A:B,2,0) -> ໂຄງໃສ່ດອກໄມ໊ໂຕ 'E' /6501 | D784: B02-L4-4 | E784: =VLOOKUP(B:B,DATA!A:C,3,0) -> STORAGE | F784: =VLOOKUP(B:B,DATA!A:D,4,0) -> storage box | G784: 0
A785: 784 | B785: 4979142136440 | C785: =VLOOKUP(B:B,DATA!A:B,2,0) -> ໂຄງໃສ່ດອກໄມ໊ໂຕ 'K' /6440 | D785: B0!-L1-3 | E785: =VLOOKUP(B:B,DATA!A:C,3,0) -> STORAGE | F785: =VLOOKUP(B:B,DATA!A:D,4,0) -> storage box | G785: 8
A786: 785 | B786: 1234560059126 | C786: =VLOOKUP(B:B,DATA!A:B,2,0) -> #N/A | D786: B03-L1-1 | E786: =VLOOKUP(B:B,DATA!A:C,3,0) -> #N/A | F786: =VLOOKUP(B:B,DATA!A:D,4,0) -> #N/A | G786: 17
A787: 786 | B787: 1234560001620 | C787: =VLOOKUP(B:B,DATA!A:B,2,0) -> ມີດຕັດ ເຄື່ອງສວນ 165MM/1620 | D787: B03-L1-1 | E787: =VLOOKUP(B:B,DATA!A:C,3,0) -> TOOL/DIGITAL | F787: =VLOOKUP(B:B,DATA!A:D,4,0) -> gardening tools | G787: 0
A788: 787 | B788: 1234560001613 | C788: =VLOOKUP(B:B,DATA!A:B,2,0) -> ມີດຕັດ ເຄື່ອງສວນ/1613 | D788: B03-L1-1 | E788: =VLOOKUP(B:B,DATA!A:C,3,0) -> TOOL/DIGITAL | F788: =VLOOKUP(B:B,DATA!A:D,4,0) -> gardening tools | G788: 12
A789: 788 | B789: 6972548036725 | C789: =VLOOKUP(B:B,DATA!A:B,2,0) -> ມີດຕັດ/6725 | D789: B03-L1-1 | E789: =VLOOKUP(B:B,DATA!A:C,3,0) -> KITCHEN | F789: =VLOOKUP(B:B,DATA!A:D,4,0) -> Knife/Scissors | G789: 0
A790: 789 | B790: 6972548036206 | C790: =VLOOKUP(B:B,DATA!A:B,2,0) -> ມີດຕັດສວນ/6206 | D790: B03-L1-3 | E790: =VLOOKUP(B:B,DATA!A:C,3,0) -> TOOL/DIGITAL | F790: =VLOOKUP(B:B,DATA!A:D,4,0) -> HARD TOOLS | G790: 0
... A850: 849 | B850: 1234560027682 | C850: =VLOOKUP(B:B,DATA!A:B,2,0) -> ຈອກແກ້ວ_GP-2768 | D850: G06-L4-1-2 | E850: =VLOOKUP(B:B,DATA!A:C,3,0) -> KITCHEN | F850: =VLOOKUP(B:B,DATA!A:D,4,0) -> Glass/Cup/Water/Bottle | G850: 0
A851: 850 | B851: 6937212123408 | D851: G06-L2-4 | E851: =VLOOKUP(B:B,DATA!A:C,3,0) -> kitchen | F851: =VLOOKUP(B:B,DATA!A:D,4,0) -> Sealed storage/Lunch box | G851: 5
A852: 851 | B852: 4546490403281 | C852: =VLOOKUP(B:B,DATA!A:B,2,0) -> ຈານເຊລາມິກ /3281 | D852: G06-L2-4 | E852: =VLOOKUP(B:B,DATA!A:C,3,0) -> KITCHEN | F852: =VLOOKUP(B:B,DATA!A:D,4,0) -> Tableware/Bowl | G852: 1
A853: 852 | B853: 4524999023537 | C853: =VLOOKUP(B:B,DATA!A:B,2,0) -> ຖ້ວຍ /3537 | D853: G07-L1-4 | E853: =VLOOKUP(B:B,DATA!A:C,3,0) -> KITCHEN | F853: =VLOOKUP(B:B,DATA!A:D,4,0) -> Tableware/Bowl | G853: 25
A854: 853 | B854: 4955959159612 | C854: =VLOOKUP(B:B,DATA!A:B,2,0) -> ຈານ /9612 | D854: G08-L1-1 | E854: =VLOOKUP(B:B,DATA!A:C,3,0) -> KITCHEN | F854: =VLOOKUP(B:B,DATA!A:D,4,0) -> kitchen storage | G854: 10
A855: 854 | B855: 4580233936742 | C855: =VLOOKUP(B:B,DATA!A:B,2,0) -> ຈອກແກ້ວ /6742 | D855: G06-L2-2 | E855: =VLOOKUP(B:B,DATA!A:C,3,0) -> KITCHEN | F855: =VLOOKUP(B:B,DATA!A:D,4,0) -> Tableware/Bowl | G855: 49
A856: 855 | B856: 4546490704128 | C856: =VLOOKUP(B:B,DATA!A:B,2,0) -> ຈອກກາເຟເຊລາມິກ /4128 | D856: G06-L2-2 | E856: =VLOOKUP(B:B,DATA!A:C,3,0) -> KITCHEN | F856: =VLOOKUP(B:B,DATA!A:D,4,0) -> Tableware/Bowl | G856: 0
A857: 856 | B857: 1234560027712 | C857: =VLOOKUP(B:B,DATA!A:B,2,0) -> ຈອກແກ້ວ_GP-2771 | D857: G06-L1-1 | E857: =VLOOKUP(B:B,DATA!A:C,3,0) -> KITCHEN | F857: =VLOOKUP(B:B,DATA!A:D,4,0) -> Glass/Cup/Water/Bottle | G857: 14
A858: 857 | B858: 6994587562744 | C858: =VLOOKUP(B:B,DATA!A:B,2,0) -> ຈອກແກ້ວ ລາຍດອກໄມ້ 80X95 380mm /2744 | D858: G05-L3-1 | E858: =VLOOKUP(B:B,DATA!A:C,3,0) -> KITCHEN | F858: =VLOOKUP(B:B,DATA!A:D,4,0) -> Glass/Cup/Water/Bottle | G858: 3
A859: 858 | B859: 6994587562799 | C859: =VLOOKUP(B:B,DATA!A:B,2,0) -> ຈອກແກ້ວ ຮູບຊົງພູເຂົານ້ຳແຂງ Ø7*9, 400ML /2799 | D859: G06-L3-2 | E859: =VLOOKUP(B:B,DATA!A:C,3,0) -> KITCHEN | F859: =VLOOKUP(B:B,DATA!A:D,4,0) -> Glass/Cup/Water/Bottle | G859: 6
A860: 859 | B860: 6955889411512 | C860: =VLOOKUP(B:B,DATA!A:B,2,0) -> disposable cup BZ-08C 1512 | D860: G06-L3-2 | E860: =VLOOKUP(B:B,DATA!A:C,3,0) -> kitchen | F860: =VLOOKUP(B:B,DATA!A:D,4,0) -> disposable products | G860: 9
A861: 860 | B861: 6955889411536 | C861: =VLOOKUP(B:B,DATA!A:B,2,0) -> ຈອກ BZ-16C /1536 | D861: G06-L3-2 | E861: =VLOOKUP(B:B,DATA!A:C,3,0) -> kitchen | F861: =VLOOKUP(B:B,DATA!A:D,4,0) -> disposable products | G861: 12
A862: 861 | B862: 6958222907895 | C862: =VLOOKUP(B:B,DATA!A:B,2,0) -> ຈອກກະເຟເກັບອຸນຫະພູມ 280ML/LYXP-K0228/GP-3837/7895 | D862: G06-L3-3 | E862: =VLOOKUP(B:B,DATA!A:C,3,0) -> KITCHEN | F862: =VLOOKUP(B:B,DATA!A:D,4,0) -> Glass/Cup/Water/Bottle | G862: 0
A863: 862 | B863: 6926672300481 | C863: =VLOOKUP(B:B,DATA!A:B,2,0) -> ຈອກນ້ຳເກັບອຸນຫະພູມ 460ML/DB-24512-460/GP-3832/0481 | D863: A05-L4-1 | E863: =VLOOKUP(B:B,DATA!A:C,3,0) -> KITCHEN | F863: =VLOOKUP(B:B,DATA!A:D,4,0) -> Glass/Cup/Water/Bottle | G863: 0
... A979: 978 | B979: 4965534700009 | C979: =VLOOKUP(B:B,DATA!A:B,2,0) -> ອັນວາງປັ້ມ /0009 | D979: B04-L2-3 | E979: =VLOOKUP(B:B,DATA!A:C,3,0) -> TOOL/DIGITAL | F979: =VLOOKUP(B:B,DATA!A:D,4,0) -> gardening tools | G979: 19
A980: 979 | B980: 1234975012860 | C980: =VLOOKUP(B:B,DATA!A:B,2,0) -> ເບາະຮອງນັ່ງ/2860 | E980: =VLOOKUP(B:B,DATA!A:C,3,0) -> #N/A | F980: =VLOOKUP(B:B,DATA!A:D,4,0) -> #N/A | G980: 0
A981: 980 | B981: 1234560055067 | C981: =VLOOKUP(B:B,DATA!A:B,2,0) -> ຕັ່ງແຄມປິ້ງ GP-5506/5067 | D981: B04-L3 | E981: =VLOOKUP(B:B,DATA!A:C,3,0) -> 0 | F981: =VLOOKUP(B:B,DATA!A:D,4,0) -> 0 | G981: 34
A982: 981 | B982: 4905596708018 | C982: =VLOOKUP(B:B,DATA!A:B,2,0) -> ໂຖດອກໄມ້ /8018 | D982: B04-L2-1-2 | E982: =VLOOKUP(B:B,DATA!A:C,3,0) -> TOOL/DIGITAL | F982: =VLOOKUP(B:B,DATA!A:D,4,0) -> gardening tools | G982: 21
...

Sheet DATA
A1: Barcode | B1: Product Name(LA) | C1: CATEGORIES 1 | D1: CATEGORIES 2
A2: 4535792404577 | B2: ຖົງໃສ່ເຄື່ອງ (ໃຫຍ່) /4577 | C2: BEAUTY | D2: bag
A3: 4535792405697 | B3: ຖົງຊິບຫິ້ວເຄື່ອງ /5697 | C3: FASHION | D3: bag
A4: 4535792216576 | B4: ຖົງ ອາລູມີ້ ເກັບອູນຫະພູມ /6576 | C4: KITCHEN | D4: glass/cup/water/bottle
A5: 4535792363089 | B5: ຖົງພາຍໃສ່ເຄື່ອງ /3089 | C5: FASHION | D5: bag
A6: 4535792389027 | B6: ຖົງໃສ່ເຄື່ອງ (ໃຫຍ່) /9027 | C6: BEAUTY | D6: bag
A7: 4535792383575 | B7: ຖົງຫິ້ວເຄື່ອງ /3575 | C7: FASHION | D7: bag
A8: 4535792383568 | B8: ຖົງຫິ້ວເຄື່ອງ /3568 | C8: FASHION | D8: bag
A9: 4535792380024 | B9: ຖົງເທົ້າຍິງ /0024 | C9: FASHION | D9: socks and others
A10: 4535792370193 | B10: ຖົງເທົ້າຍິງ /0193 | C10: FASHION | D10: socks and others
A11: 4535792388488 | B11: ຖົງເທົ້າຍິງ /8488 | C11: FASHION | D11: socks and others
A12: 4535792313541 | B12: ຜ້າກັ້ງປ່ອງອາຫານສຳລັບ ຄ່າເຟ/3541 | C12: INTERIOR | D12: curtain
... A101: 4560193004095 | B101: ເຈ້ຍທິດຊູ້ 240 /4095 | C101: BEAUTY | D101: tissues
A102: 8309281355328 | B102: (24-29) ເກີບ/PK388 B1/355328 | C102: 0 | D102: 0
A103: 4562220838826 | B103: ສາຍສາກໂທລະສັບ 2 ແມັດ /8826 | C103: TOOL/DIGITAL | D103: MOBILE PHONE ACCESSORIES
A104: 4562220838819 | B104: ສາຍສາກໂທລະສັບ 2 ແມັດ /8819 | C104: TOOL/DIGITAL | D104: MOBILE PHONE ACCESSORIES
A105: 4560348442321 | B105: ຫົວອາແດ໊ບເຕີ້ 2.4A Type-C-iPhone Adaptor /2321 | C105: TOOL/DIGITAL | D105: MOBILE PHONE ACCESSORIES
A106: 4560348442314 | B106: ສາຍສາກໂທລະສັບໄອໂຟນ 2.4A Type-C /2314 | C106: TOOL/DIGITAL | D106: MOBILE PHONE ACCESSORIES
A107: 4562220838925 | B107: ສາຍສາກໂທລະສັບ Type-C LED /8925 | C107: TOOL/DIGITAL | D107: MOBILE PHONE ACCESSORIES
A108: 4562220838932 | B108: ສາຍສາກໂທລະສັບ Type-C LED /8932 | C108: TOOL/DIGITAL | D108: MOBILE PHONE ACCESSORIES
A109: 4562220838949 | B109: ສາຍສາກໂທລະສັບ Type-C LED /8949 | C109: TOOL/DIGITAL | D109: MOBILE PHONE ACCESSORIES
A110: 4560348442338 | B110: ສາຍສາກໂທລະສັບໄອໂຟນ /2338 | C110: TOOL/DIGITAL | D110: MOBILE PHONE ACCESSORIES
A111: 6972856740154 | B111: ບິກສີນ້ຳ24ສີ/DQ-201-24 /0154 | C111: stationery | D111: Art supplies
A112: 6972856740161 | B112: ບິກສີນ້ຳ24ສີ/DQ-202-24 /0161 | C112: stationery | D112: Art supplies
A113: 4969757154229 | B113: ປື້ມແຕ້ມອອກແບບ 253*352mm 10 ໃບ /4229 | C113: STATIONERY | D113: art supplies
A114: 4982790389083 | B114: ຂໍເກາະ 2.5CM /9083 | C114: STORAGE | D114: hanger/hook
... A170: 4982592304116 | B170: ເຊືອກມັດ 35m /4116 | C170: TOOL/DIGITAL | D170: gardening tools
A171: 8039375035570 | B171: (36-40) ເກີບ /PK1310-1/35570 | C171: 0 | D171: 0
A172: 8825003842379 | B172: (36-40) ເກີບ /PK1310-3/842379 | C172: 0 | D172: 0
A173: 4905656117347 | B173: ຂອງຫຼິ້ນມາຍາກົນ /7347 | C173: STATIONERY | D173: toy others
A174: 4905656118900 | B174: ຂອງຫຼິ້ນມາຍາກົນ /8900 | C174: STATIONERY | D174: toy others
A175: 4560348442352 | B175: ສາຍສາກໂທລະສັບໄອໂຟນ Type-C /2352 | C175: TOOL/DIGITAL | D175: MOBILE PHONE ACCESSORIES
A176: 4978929520403 | B176: ປຸມເປົ້າ ເລກ 3 /0403 | C176: STATIONERY | D176: toy others
A177: 4982790389076 | B177: ຂໍເກາະ 6 ຂໍ 3CM /9076 | C177: STORAGE | D177: hanger/hook
A178: 4904342004749 | B178: ສໍໄສ້ /4749 | C178: STATIONERY | D178: school supplies
A179: 4971665047913 | B179: ແຜ່ນປະກອບຮູບ 3D /7913 | C179: TOYS | D179: toy others
A180: 4580682872431 | B180: ຜ້າປິດປາກ 3D /2431 | C180: BEAUTY | D180: home medical supplies
A181: 4979142142564 | B181: ສາຍໂບ ຣິບບິ້ນ /2564 | C181: STATIONERY | D181: Packaging supplies
A182: 6971091797084 | B182: ກາວຮ້ອນຂາວ3ແທ່ງ ສັ້ນ ແລະ ຫນາ /7084 | C182: STORAGE | D182: basket
A183: 4979142117227 | B183: ໄມ້ອັດ ໂຕຫນັງສື 3 /7227 | C183: INTERIOR | D183: home interior
A184: 4573553196347 | B184: ຟອຍລ້າງຖ້ວຍແບບ 3ຊັ້ນ 3 ແພັກ /6347 | C184: KITCHEN | D184: kitchen cleaning
... A186: 6970465180927 | B186: ຊຸດເຂັມທິດໝຸນ/LX-A7 /0927 | C186: stationery | D186: office supplies
A187: 7123456789244 | B187: 3-piece set | C187: #N/A | D187: #N/A
A188: 4903234005260 | B188: ກ່ອງເຈ້ຍໃສ່ເຄັກ ຈຳນວນ 3ອັນ ຂະໜາດ M /5260 | C188: KITCHEN | D188: baking supplies
A189: 4562380812964 | B189: 3RCA Video cord 1.5m | C189: TOOL/DIGITAL | D189: computer
A190: 4903515433065 | B190: ເຊື້ອກຟາງ ພຣາສຕິກ ເຫລືອງດຳ 30m /3065 | C190: STATIONERY | D190: tape
A191: 4991203165343 | B191: ມິດສຳຫຼັບຕັດໄຂຫຼຸ້ນສາມດວງ /5343 | C191: KITCHEN | D191: cookware
A192: 4972822710305 | B192: ໂຄມໄຟຕັ້ງ ໄຟ 3 ແບບ /0305 | C192: TOOL/DIGITAL | D192: small home appliances
A193: 8196461483595 | B193: (40-43) ເກີບ/PK916 A/483595 | C193: 0 | D193: 0
A194: 8846095130725 | B194: (40-45) ເກີບ/PK916A ດຳ/130725 | C194: 0 | D194: 0
A195: 4526112214594 | B195: 40s/2 ດ້າຍ (ສີເນື້ອ) /4594 | C195: SPORTS/LEISURE | D195: crafts
A196: 4526112214563 | B196: 40s/2 ດ້າຍ (ສີດຳ) /4563 | C196: SPORTS/LEISURE | D196: crafts
A197: 4526112214570 | B197: 40s/2 ດ້າຍ (ສີງາຊ້າງ) /4570 | C197: SPORTS/LEISURE | D197: crafts
A198: 4526112214617 | B198: 40s/2 ດ້າຍ (ສີຟ້າທະເລ) /4617 | C198: SPORTS/LEISURE | D198: crafts
A199: 4526112214587 | B199: 40s/2 ດ້າຍ (ສີແດງ) /4587 | C199: SPORTS/LEISURE | D199: crafts
A200: 4526112214549 | B200: 40s/2 ດ້າຍ (ສີຂາວ) /4549 | C200: SPORTS/LEISURE | D200: crafts
A201: 6959440211481 | B201: ກະລັບເຟີ້ຫນີບກະດາດ 40ແຜ່ນ/KW556A /2037 | C201: stationery | D201: office supplies
A202: 4546490410586 | B202: ຂວດນ້ຳສະແຕນເລດ 500ml ສີສົມ /0586 | C202: KITCHEN | D202: kitchen outdoor
A203: 4546490410593 | B203: ຂວດນ້ຳສະແຕນເລດ 500ml ສີກາກີ /0593 | C203: KITCHEN | D203: kitchen outdoor
A204: 4546490410616 | B204: ຂວດນ້ຳສະແຕນເລດ 500ml ສີຂາວ /0616 | C204: KITCHEN | D204: kitchen outdoor
A205: 4580682872783 | B205: ແຜ່ນຂຽນບັນທຶກແບບເອເລັກໂທນິກ ພ້ອມຈັກຄິດໄລ່ /2783 | C205: TOOL/DIGITAL | D205: small home appliances
A206: 4945621613115 | B206: ຖົງເທົ້າ /3115 | C206: FASHION | D206: socks and others
... A246: 4982790456440 | B246: ຖົງມືນອນຫຼັບ S /6440 | C246: BEAUTY | D246: relax care
A247: 8668844412345 | B247: ໂມງ 6916-1 /2345 | C247: #N/A | D247: #N/A
A248: 8668844412346 | B248: ໂມງ 6916-1 /2346 | C248: #N/A | D248: #N/A
A249: 6971633381412 | B249: ກະເປົາຫິ້ວ/692 /1412 | C249: FASHION | D249: bag
A250: 8668844412348 | B250: ໂມງ 6957-3 /2348 | C250: FASHION | D250: ACC
A251: 6972854796740 | B251: ກະລັບເຟີ້ຮູບກາຕູນ /DL0154 /6740 | C251: stationery | D251: office supplies
A252: 6924598653926 | B252: ກາຈໍ້າໂຕເລກ 6 ໂຕ 4MM/5MM - YT-6 /3926 | C252: stationery | D252: office supplies
A253: 6972854796634 | B253: ເຄື່ຶອງເຈາະຮູເອກະສານ 6 ຮູ DL2617 /6634 | C253: CLEANING/BATH | D253: Bathroom supplies
A254: 4905687348642 | B254: ກ່ອງເຄື່ອງປຸງ 6 ຮູ /8642 | C254: KITCHEN | D254: kitchen storage
A255: 4972822311717 | B255: ພວງສາຍໄຟສໍາລັບຂວດແກ້ວ 6 ຊົ່ວໂມງ /1717 | C255: INTERIOR | D255: light
A256: 4979142117258 | B256: ໄມ້ອັດ ໂຕຫນັງສື 6 /7258 | C256: INTERIOR | D256: home interior
A257: 6971091790191 | B257: ອຸປະກອນໄຂຄວງ GP-2063 /0191 | C257: TOOL/DIGITAL | D257: HARD TOOLS
A258: 4580682872585 | B258: ຄັນຮົ່ມໃສ /2585 | C258: FASHION | D258: rain gear
A259: 6972854799970 | B259: ກະເປົາແຟ້ມເອກະສານ(A4)13ຊັ້ນ/DL5263 /9970 | C259: stationery | D259: office supplies
A260: 8572839013362 | B260: 7-10) ເກີບ/PK 78-M/13362 | C260: 0 | D260: 0
A261: 4982790187405 | B261: ແປງປັດຂອບຕາ 10 ອັນ /7405 | C261: BEAUTY | D261: MAKE UP
A262: 4982790187429 | B262: ແປງປັດຂອບຕາ ແບບສອງຫົວ 8 ອັນ /7429 | C262: BEAUTY | D262: MAKE UP
A263: 4969757161142 | B263: ເຈ້ຍພັບ 75mm*75mm 240ໃບ /1142 | C263: STATIONERY | D263: art supplies
A264: 4982790187634 | B264: ຖົງມື /7634 | C264: CLEANING/BATH | D264: Bathroom supplies
A265: 4968988050768 | B265: ກິ໊ບໜີບຜົມ /0768 | C265: FASHION | D265: hair accessories
A266: 4571207042231 | B266: ບິກ /2231 | C266: STATIONERY | D266: school supplies
A267: 4979142117265 | B267: ໄມ້ອັດ ໂຕຫນັງສື 7 /7265 | C267: INTERIOR | D267: home interior
A268: 4545244590253 | B268: ຜ້າປິດປາກ /0253 | C268: BEAUTY | D268: home medical supplies
A269: 6994587562744 | B269: ຈອກແກ້ວ ລາຍດອກໄມ້ 80X95 380mm /2744 | C269: KITCHEN | D269: Glass/Cup/Water/Bottle
A270: 4982790387843 | B270: ຝອຍ /7843 | C270: CLEANING/BATH | D270: cleaning tools
A271: 6972854796771 | B271: ຖົງຢາງໃສ່ບັດ 70*98/DL2722 /6771 | C271: stationery | D271: school supplies
A272: 6972854796757 | B272: ຖົງຢາງໃສ່ບັດ 85*55/DL2720 /6757 | C272: stationery | D272: school supplies
... A338: 6971091796230 | B338: ຄ້ອນຕີຂະຫນາດໃຫຍ່ A-9623 /6230 | C338: TOOL/DIGITAL | D338: HARD TOOLS
A339: 6971091796476 | B339: ດອກໄຟ/96476 | C339: #N/A | D339: #N/A
A340: 6971633389722 | B340: ກະເປົາຫິ້ວ/A97-2 /9722 | C340: FASHION | D340: bag
A341: 6971091797527 | B341: ຟັກບົວອາບນໍ້າ A-9752 ທີ່ມີແຮງດັນ2ຟອງ /7527 | C341: CLEANING/BATH | D341: Bathroom supplies
A342: 6971091797671 | B342: ຟັກບົວອາບນໍ້າຟອງຄູ່ A-9767 /7671 | C342: CLEANING/BATH | D342: Bathroom supplies
A343: 6972548039757 | B343: ສາຍທໍ່/9757 | C343: TOOL/DIGITAL | D343: HARD TOOLS
A344: 4902901747878 | B344: ແບັດເຕີລີ້ AAA /7878 | C344: TOOL/DIGITAL | D344: Batteries
A345: 4902901747724 | B345: ແບັດເຕີລີ້ AA /7724 | C345: TOOL/DIGITAL | D345: Batteries
A346: 4953041837554 | B346: ແຜ່ນອາລູມິນຽມກັນຄວາມຮ້ອນ /7554 | C346: KITCHEN | D346: kitchen cleaning
A347: 4987164345009 | B347: ອັນຕີດບາດ /5009 | C347: BEAUTY | D347: home medical supplies
A348: 4987164345108 | B348: ອັນຕີດບາດ /5108 | C348: BEAUTY | D348: home medical supplies
...

Sheet Map Layout
L2: Cleaning/Bath
B3: S04-L4 | E3: S07-L4 | G3: S08-L4 | L3: A01-L4 | O3: A02-L4 | R3: A03-L4 | U3: A04-L4 | X3: A05-L4
B4: S04-L3 | E4: S07-L3 | G4: S08-L3 | L4: A01-L3 | O4: A02-L3 | R4: A03-L3 | U4: A04-L3 | X4: A05-L3
B5: S04-L2 | E5: S07-L2 | G5: S08-L2 | L5: A01-L2 | O5: A02-L2 | R5: A03-L2 | U5: A04-L2 | X5: A05-L2
B6: S04-L1 | E6: S07-L1 | G6: S08-L1 | L6: A01-L1 | O6: A02-L1 | R6: A03-L1 | U6: A04-L1 | X6: A05-L1
B7: S03-L4
B8: S03-L3 | E8: S05-L4 | G8: S06-L4 | L8: B04-L4 | N8: C03-L4 | P8: D03-L4 | Q8: D06-L4 | S8: E04-L4 | T8: F04-L4 | V8: G04-L4 | W8: G08-L4 | Y8: H04-L4 | Z8: Sport Leisure
B9: S03-L2 | E9: S05-L3 | G9: S06-L3 | L9: B04-L3 | N9: C03-L3 | P9: D03-L3 | Q9: D06-L3 | S9: E04-L3 | T9: F04-L3 | V9: G04-L3 | W9: G08-L3 | Y9: H04-L3
B10: S03-L1 | E10: S05-L2 | G10: S06-L2 | L10: B04-L2 | N10: C03-L2 | P10: D03-L2 | Q10: D06-L2 | S10: E04-L2 | T10: F04-L2 | V10: G04-L2 | W10: G08-L2 | Y10: H04-L2
E11: S05-L1 | G11: S06-L1 | L11: B04-L1 | N11: C03-L1 | P11: D03-L1 | Q11: D06-L1 | S11: E04-L1 | T11: F04-L1 | V11: G04-L1 | W11: G08-L1 | Y11: H04-L1
B12: S02-L4
B13: S02-L3 | E13: Stationery | L13: B03-L4 | N13: C02-L4 | P13: D02-L4 | Q13: D05-L4 | S13: E03-L4 | T13: F03-L4 | V13: G03-L4 | W13: G07-L4 | Y13: H03-L4
B14: S02-L2 | L14: B03-L3 | N14: C02-L3 | P14: D02-L3 | Q14: D05-L3 | S14: E03-L3 | T14: F03-L3 | V14: G03-L3 | W14: G07-L3 | Y14: H03-L3
B15: S02-L1 | I15: Door | L15: B03-L2 | N15: C02-L2 | P15: D02-L2 | Q15: D05-L2 | S15: E03-L2 | T15: F03-L2 | V15: G03-L2 | W15: G07-L2 | Y15: H03-L2
B16: S01-L4 | L16: B03-L1 | N16: C02-L1 | P16: D02-L1 | Q16: D05-L1 | S16: E03-L1 | T16: F03-L1 | V16: G03-L1 | W16: G07-L1 | Y16: H03-L1
B17: S01-L3
B18: S01-L2 | L18: B02-L4 | N18: C01-L4 | P18: D01-L4 | Q18: D04-L4 | S18: E02-L4 | T18: F02-L4 | V18: G02-L4 | W18: G06-L4 | Y18: H02-L4 | Z18: Toys
B19: S01-L1 | L19: B02-L3 | N19: C01-L3 | P19: D01-L3 | Q19: D04-L3 | S19: E02-L3 | T19: F02-L3 | V19: G02-L3 | W19: G06-L3 | Y19: H02-L3
L20: B02-L2 | N20: C01-L2 | P20: D01-L2 | Q20: D04-L2 | S20: E02-L2 | T20: F02-L2 | V20: G02-L2 | W20: G06-L2 | Y20: H02-L2
E21: Door | L21: B02-L1 | N21: C01-L1 | P21: D01-L1 | Q21: D04-L1 | S21: E02-L1 | T21: F02-L1 | V21: G02-L1 | W21: G06-L1 | Y21: H02-L1
N22: Fasion | P22: Storage
B23: P01-L3 | C23: P02-L3 | G23: P03-L3 | H23: P04-L3 | I23: P05-L3 | L23: B01-L4 | S23: E01-L4 | T23: F01-L4 | V23: G01-L4 | W23: G05-L4 | Y23: H01-L4
B24: P01-L2 | C24: P02-L2 | G24: P03-L2 | H24: P04-L2 | I24: P05-L2 | L24: B01-L3 | S24: E01-L3 | T24: F01-L3 | V24: G01-L3 | W24: G05-L3 | Y24: H01-L3
B25: P01-L1 | C25: P02-L1 | G25: P03-L1 | H25: P04-L1 | I25: P05-L1 | L25: B01-L2 | S25: E01-L2 | T25: F01-L2 | V25: G01-L2 | W25: G05-L2 | Y25: H01-L2
B26: Paper Tissue | G26: Paper Tissue | L26: B01-L1 | S26: E01-L1 | T26: F01-L1 | V26: G01-L1 | W26: G05-L1 | Y26: H01-L1
L27: Interior | S27: Beauty | T27: Tool Digital | V27: Kitchen
L30: I01-L1 | Q30: Sport Leisure Toys | X30: AM Working Position

Sheet Sheet1
A1: 4542804129373 | B1: 10
A2: 4944371423104 | B2: 12
A3: 4982592013667 | B3: 20
A4: 4968988023878 | B4: 40
A5: 4580104601526 | B5: 10
A6: 4526112556861 | B6: 12
A7: 4580682871113 | B7: 12
A8: 4582281741538 | B8: 20
A9: 4902505637070 | B9: 20
A10: 4980299066542 | B10: 12
A11: 4980299036347 | B11: 6
A12: 4980299020629 | B12: 12
... A605: 6951109368406 | B605: 12
